<?xml version="1.0" encoding="UTF-8"?>
<project-private xmlns="http://www.netbeans.org/ns/project-private/1">
    <editor-bookmarks xmlns="http://www.netbeans.org/ns/editor-bookmarks/2" lastBookmarkId="0"/>
    <open-files xmlns="http://www.netbeans.org/ns/projectui-open-files/2">
        <group>
            <file>file:/C:/Users/stefano/Documents/NetBeansProjects/Punto2TP3/src/punto2tp3/HistoriaClinica.java</file>
            <file>file:/C:/Users/stefano/Documents/NetBeansProjects/Punto2TP3/src/punto2tp3/Enfermedad.java</file>
            <file>file:/C:/Users/stefano/Documents/NetBeansProjects/Punto2TP3/src/punto2tp3/TurnoPaciente.java</file>
            <file>file:/C:/Users/stefano/Documents/NetBeansProjects/Punto2TP3/src/punto2tp3/CentroClinico.java</file>
            <file>file:/C:/Users/stefano/Documents/NetBeansProjects/Punto2TP3/src/punto2tp3/Paciente.java</file>
        </group>
    </open-files>
</project-private>
